text,label,reason,safe_tip
Replace antibiotics with honey,Dangerous,Untreated infections may become severe,Complete the full antibiotic course
Drinking warm water detox removes all toxins,Misleading,Detox claims are unverified medically,Maintain healthy lifestyle and hydration
Drink water daily,Safe,General hydration advice,Stay hydrated regularly
Drinking warm water detox removes all toxins,Misleading,Detox claims are unverified medically,Maintain healthy lifestyle and hydration
Quit insulin injections and drink garlic,Dangerous,Insulin is life-saving for diabetes patients,Continue insulin under endocrinologist guidance
Drinking garlic detox removes all toxins,Misleading,Detox claims are unverified medically,Maintain healthy lifestyle and hydration
warm water works better than medicines for kidney disease,Misleading,Herbal remedies cannot fully replace treatment,Continue doctor-prescribed treatment
Quit insulin injections and drink herbal tea,Dangerous,Insulin is life-saving for diabetes patients,Continue insulin under endocrinologist guidance
"Doctors are unnecessary, treat diabetes at home",Dangerous,Avoiding medical care can lead to complications,Always consult qualified healthcare professionals
Replace antibiotics with herbal tea,Dangerous,Untreated infections may become severe,Complete the full antibiotic course
herbal tea works better than medicines for blood pressure,Misleading,Herbal remedies cannot fully replace treatment,Continue doctor-prescribed treatment
warm water cures thyroid permanently,Misleading,No scientific evidence for permanent cure claims,Consult a medical specialist
Stop taking medicine for diabetes and use lemon water,Dangerous,Stopping prescribed medicine can cause serious harm,Never stop treatment without doctor approval
warm water cures blood pressure permanently,Misleading,No scientific evidence for permanent cure claims,Consult a medical specialist
Drinking turmeric detox removes all toxins,Misleading,Detox claims are unverified medically,Maintain healthy lifestyle and hydration
Consult a doctor when sick,Safe,Medical supervision is important,Seek professional healthcare
Quit insulin injections and drink garlic,Dangerous,Insulin is life-saving for diabetes patients,Continue insulin under endocrinologist guidance
Drinking warm water detox removes all toxins,Misleading,Detox claims are unverified medically,Maintain healthy lifestyle and hydration
honey cures cancer permanently,Misleading,No scientific evidence for permanent cure claims,Consult a medical specialist
"Doctors are unnecessary, treat kidney disease at home",Dangerous,Avoiding medical care can lead to complications,Always consult qualified healthcare professionals
Stop taking medicine for blood pressure and use lemon water,Dangerous,Stopping prescribed medicine can cause serious harm,Never stop treatment without doctor approval
Home remedies guarantee cure of cancer,Misleading,Guaranteed cure promises are misleading,Follow evidence-based medical care
Home remedies guarantee cure of cancer,Misleading,Guaranteed cure promises are misleading,Follow evidence-based medical care
Quit insulin injections and drink warm water,Dangerous,Insulin is life-saving for diabetes patients,Continue insulin under endocrinologist guidance
Quit insulin injections and drink lemon water,Dangerous,Insulin is life-saving for diabetes patients,Continue insulin under endocrinologist guidance
Quit insulin injections and drink garlic,Dangerous,Insulin is life-saving for diabetes patients,Continue insulin under endocrinologist guidance
Home remedies guarantee cure of kidney disease,Misleading,Guaranteed cure promises are misleading,Follow evidence-based medical care
warm water cures asthma permanently,Misleading,No scientific evidence for permanent cure claims,Consult a medical specialist
Quit insulin injections and drink warm water,Dangerous,Insulin is life-saving for diabetes patients,Continue insulin under endocrinologist guidance
turmeric works better than medicines for diabetes,Misleading,Herbal remedies cannot fully replace treatment,Continue doctor-prescribed treatment
Home remedies guarantee cure of cancer,Misleading,Guaranteed cure promises are misleading,Follow evidence-based medical care
Stop taking medicine for thyroid and use honey,Dangerous,Stopping prescribed medicine can cause serious harm,Never stop treatment without doctor approval
"Doctors are unnecessary, treat cancer at home",Dangerous,Avoiding medical care can lead to complications,Always consult qualified healthcare professionals
Drinking honey detox removes all toxins,Misleading,Detox claims are unverified medically,Maintain healthy lifestyle and hydration
Drinking warm water detox removes all toxins,Misleading,Detox claims are unverified medically,Maintain healthy lifestyle and hydration
Quit insulin injections and drink honey,Dangerous,Insulin is life-saving for diabetes patients,Continue insulin under endocrinologist guidance
herbal tea cures asthma permanently,Misleading,No scientific evidence for permanent cure claims,Consult a medical specialist
Stop taking medicine for thyroid and use lemon water,Dangerous,Stopping prescribed medicine can cause serious harm,Never stop treatment without doctor approval
Replace antibiotics with garlic,Dangerous,Untreated infections may become severe,Complete the full antibiotic course
Drinking garlic detox removes all toxins,Misleading,Detox claims are unverified medically,Maintain healthy lifestyle and hydration
Stop taking medicine for asthma and use honey,Dangerous,Stopping prescribed medicine can cause serious harm,Never stop treatment without doctor approval
Home remedies guarantee cure of kidney disease,Misleading,Guaranteed cure promises are misleading,Follow evidence-based medical care
Replace antibiotics with warm water,Dangerous,Untreated infections may become severe,Complete the full antibiotic course
Quit insulin injections and drink turmeric,Dangerous,Insulin is life-saving for diabetes patients,Continue insulin under endocrinologist guidance
Home remedies guarantee cure of kidney disease,Misleading,Guaranteed cure promises are misleading,Follow evidence-based medical care
Home remedies guarantee cure of kidney disease,Misleading,Guaranteed cure promises are misleading,Follow evidence-based medical care
Drinking herbal tea detox removes all toxins,Misleading,Detox claims are unverified medically,Maintain healthy lifestyle and hydration
Quit insulin injections and drink warm water,Dangerous,Insulin is life-saving for diabetes patients,Continue insulin under endocrinologist guidance
"Doctors are unnecessary, treat cancer at home",Dangerous,Avoiding medical care can lead to complications,Always consult qualified healthcare professionals
Replace antibiotics with honey,Dangerous,Untreated infections may become severe,Complete the full antibiotic course
Quit insulin injections and drink herbal tea,Dangerous,Insulin is life-saving for diabetes patients,Continue insulin under endocrinologist guidance
warm water cures cancer permanently,Misleading,No scientific evidence for permanent cure claims,Consult a medical specialist
Replace antibiotics with lemon water,Dangerous,Untreated infections may become severe,Complete the full antibiotic course
herbal tea works better than medicines for kidney disease,Misleading,Herbal remedies cannot fully replace treatment,Continue doctor-prescribed treatment
"Doctors are unnecessary, treat kidney disease at home",Dangerous,Avoiding medical care can lead to complications,Always consult qualified healthcare professionals
Home remedies guarantee cure of diabetes,Misleading,Guaranteed cure promises are misleading,Follow evidence-based medical care
Quit insulin injections and drink turmeric,Dangerous,Insulin is life-saving for diabetes patients,Continue insulin under endocrinologist guidance
herbal tea cures thyroid permanently,Misleading,No scientific evidence for permanent cure claims,Consult a medical specialist
lemon water cures asthma permanently,Misleading,No scientific evidence for permanent cure claims,Consult a medical specialist
turmeric works better than medicines for diabetes,Misleading,Herbal remedies cannot fully replace treatment,Continue doctor-prescribed treatment
Stop taking medicine for cancer and use lemon water,Dangerous,Stopping prescribed medicine can cause serious harm,Never stop treatment without doctor approval
Stop taking medicine for asthma and use honey,Dangerous,Stopping prescribed medicine can cause serious harm,Never stop treatment without doctor approval
Stop taking medicine for thyroid and use honey,Dangerous,Stopping prescribed medicine can cause serious harm,Never stop treatment without doctor approval
honey cures diabetes permanently,Misleading,No scientific evidence for permanent cure claims,Consult a medical specialist
Home remedies guarantee cure of diabetes,Misleading,Guaranteed cure promises are misleading,Follow evidence-based medical care
Quit insulin injections and drink garlic,Dangerous,Insulin is life-saving for diabetes patients,Continue insulin under endocrinologist guidance
Quit insulin injections and drink lemon water,Dangerous,Insulin is life-saving for diabetes patients,Continue insulin under endocrinologist guidance
Drinking turmeric detox removes all toxins,Misleading,Detox claims are unverified medically,Maintain healthy lifestyle and hydration
Drinking herbal tea detox removes all toxins,Misleading,Detox claims are unverified medically,Maintain healthy lifestyle and hydration
Stop taking medicine for cancer and use herbal tea,Dangerous,Stopping prescribed medicine can cause serious harm,Never stop treatment without doctor approval
Quit insulin injections and drink warm water,Dangerous,Insulin is life-saving for diabetes patients,Continue insulin under endocrinologist guidance
Replace antibiotics with herbal tea,Dangerous,Untreated infections may become severe,Complete the full antibiotic course
Home remedies guarantee cure of asthma,Misleading,Guaranteed cure promises are misleading,Follow evidence-based medical care
Replace antibiotics with turmeric,Dangerous,Untreated infections may become severe,Complete the full antibiotic course
"Doctors are unnecessary, treat blood pressure at home",Dangerous,Avoiding medical care can lead to complications,Always consult qualified healthcare professionals
warm water cures kidney disease permanently,Misleading,No scientific evidence for permanent cure claims,Consult a medical specialist
Stop taking medicine for thyroid and use turmeric,Dangerous,Stopping prescribed medicine can cause serious harm,Never stop treatment without doctor approval
Drinking herbal tea detox removes all toxins,Misleading,Detox claims are unverified medically,Maintain healthy lifestyle and hydration
"Doctors are unnecessary, treat diabetes at home",Dangerous,Avoiding medical care can lead to complications,Always consult qualified healthcare professionals
turmeric cures diabetes permanently,Misleading,No scientific evidence for permanent cure claims,Consult a medical specialist
Stop taking medicine for asthma and use lemon water,Dangerous,Stopping prescribed medicine can cause serious harm,Never stop treatment without doctor approval
Quit insulin injections and drink herbal tea,Dangerous,Insulin is life-saving for diabetes patients,Continue insulin under endocrinologist guidance
"Doctors are unnecessary, treat diabetes at home",Dangerous,Avoiding medical care can lead to complications,Always consult qualified healthcare professionals
Quit insulin injections and drink garlic,Dangerous,Insulin is life-saving for diabetes patients,Continue insulin under endocrinologist guidance
herbal tea works better than medicines for diabetes,Misleading,Herbal remedies cannot fully replace treatment,Continue doctor-prescribed treatment
honey cures diabetes permanently,Misleading,No scientific evidence for permanent cure claims,Consult a medical specialist
Drinking herbal tea detox removes all toxins,Misleading,Detox claims are unverified medically,Maintain healthy lifestyle and hydration
garlic works better than medicines for asthma,Misleading,Herbal remedies cannot fully replace treatment,Continue doctor-prescribed treatment
Drinking herbal tea detox removes all toxins,Misleading,Detox claims are unverified medically,Maintain healthy lifestyle and hydration
Drinking garlic detox removes all toxins,Misleading,Detox claims are unverified medically,Maintain healthy lifestyle and hydration
Quit insulin injections and drink turmeric,Dangerous,Insulin is life-saving for diabetes patients,Continue insulin under endocrinologist guidance
Stop taking medicine for asthma and use turmeric,Dangerous,Stopping prescribed medicine can cause serious harm,Never stop treatment without doctor approval
Home remedies guarantee cure of diabetes,Misleading,Guaranteed cure promises are misleading,Follow evidence-based medical care
"Doctors are unnecessary, treat diabetes at home",Dangerous,Avoiding medical care can lead to complications,Always consult qualified healthcare professionals
lemon water cures thyroid permanently,Misleading,No scientific evidence for permanent cure claims,Consult a medical specialist
Quit insulin injections and drink garlic,Dangerous,Insulin is life-saving for diabetes patients,Continue insulin under endocrinologist guidance
Stop taking medicine for diabetes and use herbal tea,Dangerous,Stopping prescribed medicine can cause serious harm,Never stop treatment without doctor approval
Replace antibiotics with lemon water,Dangerous,Untreated infections may become severe,Complete the full antibiotic course
Home remedies guarantee cure of thyroid,Misleading,Guaranteed cure promises are misleading,Follow evidence-based medical care
turmeric works better than medicines for asthma,Misleading,Herbal remedies cannot fully replace treatment,Continue doctor-prescribed treatment
Quit insulin injections and drink turmeric,Dangerous,Insulin is life-saving for diabetes patients,Continue insulin under endocrinologist guidance
Drinking turmeric detox removes all toxins,Misleading,Detox claims are unverified medically,Maintain healthy lifestyle and hydration
turmeric works better than medicines for thyroid,Misleading,Herbal remedies cannot fully replace treatment,Continue doctor-prescribed treatment
Quit insulin injections and drink warm water,Dangerous,Insulin is life-saving for diabetes patients,Continue insulin under endocrinologist guidance
Quit insulin injections and drink warm water,Dangerous,Insulin is life-saving for diabetes patients,Continue insulin under endocrinologist guidance
Stop taking medicine for diabetes and use lemon water,Dangerous,Stopping prescribed medicine can cause serious harm,Never stop treatment without doctor approval
Replace antibiotics with turmeric,Dangerous,Untreated infections may become severe,Complete the full antibiotic course
Stop taking medicine for diabetes and use turmeric,Dangerous,Stopping prescribed medicine can cause serious harm,Never stop treatment without doctor approval
Drinking turmeric detox removes all toxins,Misleading,Detox claims are unverified medically,Maintain healthy lifestyle and hydration
Stop taking medicine for thyroid and use lemon water,Dangerous,Stopping prescribed medicine can cause serious harm,Never stop treatment without doctor approval
warm water cures kidney disease permanently,Misleading,No scientific evidence for permanent cure claims,Consult a medical specialist
herbal tea works better than medicines for cancer,Misleading,Herbal remedies cannot fully replace treatment,Continue doctor-prescribed treatment
turmeric works better than medicines for diabetes,Misleading,Herbal remedies cannot fully replace treatment,Continue doctor-prescribed treatment
honey works better than medicines for blood pressure,Misleading,Herbal remedies cannot fully replace treatment,Continue doctor-prescribed treatment
honey cures diabetes permanently,Misleading,No scientific evidence for permanent cure claims,Consult a medical specialist
garlic works better than medicines for blood pressure,Misleading,Herbal remedies cannot fully replace treatment,Continue doctor-prescribed treatment
Home remedies guarantee cure of cancer,Misleading,Guaranteed cure promises are misleading,Follow evidence-based medical care
Eat fruits and vegetables,Safe,Healthy nutrition guidance,Maintain a balanced diet
"Doctors are unnecessary, treat blood pressure at home",Dangerous,Avoiding medical care can lead to complications,Always consult qualified healthcare professionals
Stop taking medicine for diabetes and use garlic,Dangerous,Stopping prescribed medicine can cause serious harm,Never stop treatment without doctor approval
turmeric works better than medicines for thyroid,Misleading,Herbal remedies cannot fully replace treatment,Continue doctor-prescribed treatment
Replace antibiotics with honey,Dangerous,Untreated infections may become severe,Complete the full antibiotic course
Stop taking medicine for asthma and use warm water,Dangerous,Stopping prescribed medicine can cause serious harm,Never stop treatment without doctor approval
Home remedies guarantee cure of kidney disease,Misleading,Guaranteed cure promises are misleading,Follow evidence-based medical care
Stop taking medicine for kidney disease and use garlic,Dangerous,Stopping prescribed medicine can cause serious harm,Never stop treatment without doctor approval
Stop taking medicine for kidney disease and use garlic,Dangerous,Stopping prescribed medicine can cause serious harm,Never stop treatment without doctor approval
Drinking lemon water detox removes all toxins,Misleading,Detox claims are unverified medically,Maintain healthy lifestyle and hydration
Home remedies guarantee cure of blood pressure,Misleading,Guaranteed cure promises are misleading,Follow evidence-based medical care
Stop taking medicine for thyroid and use lemon water,Dangerous,Stopping prescribed medicine can cause serious harm,Never stop treatment without doctor approval
Home remedies guarantee cure of diabetes,Misleading,Guaranteed cure promises are misleading,Follow evidence-based medical care
Quit insulin injections and drink turmeric,Dangerous,Insulin is life-saving for diabetes patients,Continue insulin under endocrinologist guidance
Quit insulin injections and drink garlic,Dangerous,Insulin is life-saving for diabetes patients,Continue insulin under endocrinologist guidance
Drinking warm water detox removes all toxins,Misleading,Detox claims are unverified medically,Maintain healthy lifestyle and hydration
Home remedies guarantee cure of thyroid,Misleading,Guaranteed cure promises are misleading,Follow evidence-based medical care
warm water works better than medicines for asthma,Misleading,Herbal remedies cannot fully replace treatment,Continue doctor-prescribed treatment
"Doctors are unnecessary, treat cancer at home",Dangerous,Avoiding medical care can lead to complications,Always consult qualified healthcare professionals
"Doctors are unnecessary, treat kidney disease at home",Dangerous,Avoiding medical care can lead to complications,Always consult qualified healthcare professionals
warm water cures asthma permanently,Misleading,No scientific evidence for permanent cure claims,Consult a medical specialist
Home remedies guarantee cure of kidney disease,Misleading,Guaranteed cure promises are misleading,Follow evidence-based medical care
Quit insulin injections and drink turmeric,Dangerous,Insulin is life-saving for diabetes patients,Continue insulin under endocrinologist guidance
garlic works better than medicines for cancer,Misleading,Herbal remedies cannot fully replace treatment,Continue doctor-prescribed treatment
Quit insulin injections and drink lemon water,Dangerous,Insulin is life-saving for diabetes patients,Continue insulin under endocrinologist guidance
Drinking turmeric detox removes all toxins,Misleading,Detox claims are unverified medically,Maintain healthy lifestyle and hydration
Stop taking medicine for kidney disease and use herbal tea,Dangerous,Stopping prescribed medicine can cause serious harm,Never stop treatment without doctor approval
"Doctors are unnecessary, treat cancer at home",Dangerous,Avoiding medical care can lead to complications,Always consult qualified healthcare professionals
lemon water cures diabetes permanently,Misleading,No scientific evidence for permanent cure claims,Consult a medical specialist
Stop taking medicine for thyroid and use herbal tea,Dangerous,Stopping prescribed medicine can cause serious harm,Never stop treatment without doctor approval
Replace antibiotics with warm water,Dangerous,Untreated infections may become severe,Complete the full antibiotic course
Drinking honey detox removes all toxins,Misleading,Detox claims are unverified medically,Maintain healthy lifestyle and hydration
Home remedies guarantee cure of cancer,Misleading,Guaranteed cure promises are misleading,Follow evidence-based medical care
Quit insulin injections and drink warm water,Dangerous,Insulin is life-saving for diabetes patients,Continue insulin under endocrinologist guidance
Replace antibiotics with herbal tea,Dangerous,Untreated infections may become severe,Complete the full antibiotic course
garlic works better than medicines for cancer,Misleading,Herbal remedies cannot fully replace treatment,Continue doctor-prescribed treatment
Quit insulin injections and drink lemon water,Dangerous,Insulin is life-saving for diabetes patients,Continue insulin under endocrinologist guidance
Stop taking medicine for cancer and use garlic,Dangerous,Stopping prescribed medicine can cause serious harm,Never stop treatment without doctor approval
Drinking warm water detox removes all toxins,Misleading,Detox claims are unverified medically,Maintain healthy lifestyle and hydration
"Doctors are unnecessary, treat thyroid at home",Dangerous,Avoiding medical care can lead to complications,Always consult qualified healthcare professionals
Home remedies guarantee cure of blood pressure,Misleading,Guaranteed cure promises are misleading,Follow evidence-based medical care
Stop taking medicine for thyroid and use turmeric,Dangerous,Stopping prescribed medicine can cause serious harm,Never stop treatment without doctor approval
Replace antibiotics with warm water,Dangerous,Untreated infections may become severe,Complete the full antibiotic course
Home remedies guarantee cure of thyroid,Misleading,Guaranteed cure promises are misleading,Follow evidence-based medical care
warm water works better than medicines for cancer,Misleading,Herbal remedies cannot fully replace treatment,Continue doctor-prescribed treatment
Stop taking medicine for asthma and use honey,Dangerous,Stopping prescribed medicine can cause serious harm,Never stop treatment without doctor approval
Quit insulin injections and drink lemon water,Dangerous,Insulin is life-saving for diabetes patients,Continue insulin under endocrinologist guidance
Drinking warm water detox removes all toxins,Misleading,Detox claims are unverified medically,Maintain healthy lifestyle and hydration
warm water works better than medicines for diabetes,Misleading,Herbal remedies cannot fully replace treatment,Continue doctor-prescribed treatment
Home remedies guarantee cure of kidney disease,Misleading,Guaranteed cure promises are misleading,Follow evidence-based medical care
Home remedies guarantee cure of cancer,Misleading,Guaranteed cure promises are misleading,Follow evidence-based medical care
turmeric cures asthma permanently,Misleading,No scientific evidence for permanent cure claims,Consult a medical specialist
Home remedies guarantee cure of asthma,Misleading,Guaranteed cure promises are misleading,Follow evidence-based medical care
Stop taking medicine for kidney disease and use warm water,Dangerous,Stopping prescribed medicine can cause serious harm,Never stop treatment without doctor approval
Stop taking medicine for asthma and use herbal tea,Dangerous,Stopping prescribed medicine can cause serious harm,Never stop treatment without doctor approval
"Doctors are unnecessary, treat kidney disease at home",Dangerous,Avoiding medical care can lead to complications,Always consult qualified healthcare professionals
Drinking honey detox removes all toxins,Misleading,Detox claims are unverified medically,Maintain healthy lifestyle and hydration
"Doctors are unnecessary, treat diabetes at home",Dangerous,Avoiding medical care can lead to complications,Always consult qualified healthcare professionals
turmeric works better than medicines for kidney disease,Misleading,Herbal remedies cannot fully replace treatment,Continue doctor-prescribed treatment
Replace antibiotics with garlic,Dangerous,Untreated infections may become severe,Complete the full antibiotic course
Drinking honey detox removes all toxins,Misleading,Detox claims are unverified medically,Maintain healthy lifestyle and hydration
Drinking warm water detox removes all toxins,Misleading,Detox claims are unverified medically,Maintain healthy lifestyle and hydration
Stop taking medicine for cancer and use warm water,Dangerous,Stopping prescribed medicine can cause serious harm,Never stop treatment without doctor approval
Replace antibiotics with turmeric,Dangerous,Untreated infections may become severe,Complete the full antibiotic course
Exercise improves health,Safe,Encourages fitness habits,Do moderate exercise daily
Stop taking medicine for diabetes and use honey,Dangerous,Stopping prescribed medicine can cause serious harm,Never stop treatment without doctor approval
warm water works better than medicines for kidney disease,Misleading,Herbal remedies cannot fully replace treatment,Continue doctor-prescribed treatment
"Doctors are unnecessary, treat kidney disease at home",Dangerous,Avoiding medical care can lead to complications,Always consult qualified healthcare professionals
Stop taking medicine for asthma and use warm water,Dangerous,Stopping prescribed medicine can cause serious harm,Never stop treatment without doctor approval
Replace antibiotics with herbal tea,Dangerous,Untreated infections may become severe,Complete the full antibiotic course
Stop taking medicine for diabetes and use herbal tea,Dangerous,Stopping prescribed medicine can cause serious harm,Never stop treatment without doctor approval
Quit insulin injections and drink lemon water,Dangerous,Insulin is life-saving for diabetes patients,Continue insulin under endocrinologist guidance
Drinking turmeric detox removes all toxins,Misleading,Detox claims are unverified medically,Maintain healthy lifestyle and hydration
Quit insulin injections and drink herbal tea,Dangerous,Insulin is life-saving for diabetes patients,Continue insulin under endocrinologist guidance
Quit insulin injections and drink garlic,Dangerous,Insulin is life-saving for diabetes patients,Continue insulin under endocrinologist guidance
lemon water works better than medicines for blood pressure,Misleading,Herbal remedies cannot fully replace treatment,Continue doctor-prescribed treatment
Drinking herbal tea detox removes all toxins,Misleading,Detox claims are unverified medically,Maintain healthy lifestyle and hydration
garlic cures thyroid permanently,Misleading,No scientific evidence for permanent cure claims,Consult a medical specialist
"Doctors are unnecessary, treat cancer at home",Dangerous,Avoiding medical care can lead to complications,Always consult qualified healthcare professionals
Quit insulin injections and drink garlic,Dangerous,Insulin is life-saving for diabetes patients,Continue insulin under endocrinologist guidance
Quit insulin injections and drink honey,Dangerous,Insulin is life-saving for diabetes patients,Continue insulin under endocrinologist guidance
warm water cures diabetes permanently,Misleading,No scientific evidence for permanent cure claims,Consult a medical specialist
garlic works better than medicines for blood pressure,Misleading,Herbal remedies cannot fully replace treatment,Continue doctor-prescribed treatment
herbal tea cures thyroid permanently,Misleading,No scientific evidence for permanent cure claims,Consult a medical specialist
Home remedies guarantee cure of blood pressure,Misleading,Guaranteed cure promises are misleading,Follow evidence-based medical care
Drinking warm water detox removes all toxins,Misleading,Detox claims are unverified medically,Maintain healthy lifestyle and hydration
Stop taking medicine for asthma and use lemon water,Dangerous,Stopping prescribed medicine can cause serious harm,Never stop treatment without doctor approval
Replace antibiotics with garlic,Dangerous,Untreated infections may become severe,Complete the full antibiotic course
Stop taking medicine for blood pressure and use garlic,Dangerous,Stopping prescribed medicine can cause serious harm,Never stop treatment without doctor approval
Stop taking medicine for cancer and use garlic,Dangerous,Stopping prescribed medicine can cause serious harm,Never stop treatment without doctor approval
Drinking herbal tea detox removes all toxins,Misleading,Detox claims are unverified medically,Maintain healthy lifestyle and hydration
Drinking turmeric detox removes all toxins,Misleading,Detox claims are unverified medically,Maintain healthy lifestyle and hydration
Stop taking medicine for blood pressure and use warm water,Dangerous,Stopping prescribed medicine can cause serious harm,Never stop treatment without doctor approval
Drinking warm water detox removes all toxins,Misleading,Detox claims are unverified medically,Maintain healthy lifestyle and hydration
Stop taking medicine for blood pressure and use garlic,Dangerous,Stopping prescribed medicine can cause serious harm,Never stop treatment without doctor approval
Stop taking medicine for diabetes and use turmeric,Dangerous,Stopping prescribed medicine can cause serious harm,Never stop treatment without doctor approval
"Doctors are unnecessary, treat thyroid at home",Dangerous,Avoiding medical care can lead to complications,Always consult qualified healthcare professionals
Home remedies guarantee cure of diabetes,Misleading,Guaranteed cure promises are misleading,Follow evidence-based medical care
Stop taking medicine for kidney disease and use lemon water,Dangerous,Stopping prescribed medicine can cause serious harm,Never stop treatment without doctor approval
Replace antibiotics with lemon water,Dangerous,Untreated infections may become severe,Complete the full antibiotic course
Stop taking medicine for thyroid and use turmeric,Dangerous,Stopping prescribed medicine can cause serious harm,Never stop treatment without doctor approval
lemon water cures blood pressure permanently,Misleading,No scientific evidence for permanent cure claims,Consult a medical specialist
Stop taking medicine for kidney disease and use garlic,Dangerous,Stopping prescribed medicine can cause serious harm,Never stop treatment without doctor approval
Home remedies guarantee cure of cancer,Misleading,Guaranteed cure promises are misleading,Follow evidence-based medical care
Home remedies guarantee cure of blood pressure,Misleading,Guaranteed cure promises are misleading,Follow evidence-based medical care
Replace antibiotics with warm water,Dangerous,Untreated infections may become severe,Complete the full antibiotic course
"Doctors are unnecessary, treat cancer at home",Dangerous,Avoiding medical care can lead to complications,Always consult qualified healthcare professionals
honey cures thyroid permanently,Misleading,No scientific evidence for permanent cure claims,Consult a medical specialist
honey cures asthma permanently,Misleading,No scientific evidence for permanent cure claims,Consult a medical specialist
Home remedies guarantee cure of asthma,Misleading,Guaranteed cure promises are misleading,Follow evidence-based medical care
"Doctors are unnecessary, treat thyroid at home",Dangerous,Avoiding medical care can lead to complications,Always consult qualified healthcare professionals
"Doctors are unnecessary, treat thyroid at home",Dangerous,Avoiding medical care can lead to complications,Always consult qualified healthcare professionals
"Doctors are unnecessary, treat kidney disease at home",Dangerous,Avoiding medical care can lead to complications,Always consult qualified healthcare professionals
lemon water works better than medicines for blood pressure,Misleading,Herbal remedies cannot fully replace treatment,Continue doctor-prescribed treatment
Replace antibiotics with lemon water,Dangerous,Untreated infections may become severe,Complete the full antibiotic course
Replace antibiotics with turmeric,Dangerous,Untreated infections may become severe,Complete the full antibiotic course
"Doctors are unnecessary, treat diabetes at home",Dangerous,Avoiding medical care can lead to complications,Always consult qualified healthcare professionals
garlic cures cancer permanently,Misleading,No scientific evidence for permanent cure claims,Consult a medical specialist
Drinking garlic detox removes all toxins,Misleading,Detox claims are unverified medically,Maintain healthy lifestyle and hydration
Home remedies guarantee cure of diabetes,Misleading,Guaranteed cure promises are misleading,Follow evidence-based medical care
Home remedies guarantee cure of thyroid,Misleading,Guaranteed cure promises are misleading,Follow evidence-based medical care
Quit insulin injections and drink warm water,Dangerous,Insulin is life-saving for diabetes patients,Continue insulin under endocrinologist guidance
"Doctors are unnecessary, treat asthma at home",Dangerous,Avoiding medical care can lead to complications,Always consult qualified healthcare professionals
lemon water works better than medicines for asthma,Misleading,Herbal remedies cannot fully replace treatment,Continue doctor-prescribed treatment
warm water cures cancer permanently,Misleading,No scientific evidence for permanent cure claims,Consult a medical specialist
Home remedies guarantee cure of blood pressure,Misleading,Guaranteed cure promises are misleading,Follow evidence-based medical care
Quit insulin injections and drink warm water,Dangerous,Insulin is life-saving for diabetes patients,Continue insulin under endocrinologist guidance
Home remedies guarantee cure of thyroid,Misleading,Guaranteed cure promises are misleading,Follow evidence-based medical care
Replace antibiotics with honey,Dangerous,Untreated infections may become severe,Complete the full antibiotic course
Quit insulin injections and drink garlic,Dangerous,Insulin is life-saving for diabetes patients,Continue insulin under endocrinologist guidance
Quit insulin injections and drink turmeric,Dangerous,Insulin is life-saving for diabetes patients,Continue insulin under endocrinologist guidance
"Doctors are unnecessary, treat cancer at home",Dangerous,Avoiding medical care can lead to complications,Always consult qualified healthcare professionals
Drinking honey detox removes all toxins,Misleading,Detox claims are unverified medically,Maintain healthy lifestyle and hydration
Drinking honey detox removes all toxins,Misleading,Detox claims are unverified medically,Maintain healthy lifestyle and hydration
garlic works better than medicines for diabetes,Misleading,Herbal remedies cannot fully replace treatment,Continue doctor-prescribed treatment
Quit insulin injections and drink garlic,Dangerous,Insulin is life-saving for diabetes patients,Continue insulin under endocrinologist guidance
honey cures thyroid permanently,Misleading,No scientific evidence for permanent cure claims,Consult a medical specialist
Replace antibiotics with turmeric,Dangerous,Untreated infections may become severe,Complete the full antibiotic course
Stop taking medicine for thyroid and use garlic,Dangerous,Stopping prescribed medicine can cause serious harm,Never stop treatment without doctor approval
Stop taking medicine for thyroid and use honey,Dangerous,Stopping prescribed medicine can cause serious harm,Never stop treatment without doctor approval
Replace antibiotics with warm water,Dangerous,Untreated infections may become severe,Complete the full antibiotic course
Drinking turmeric detox removes all toxins,Misleading,Detox claims are unverified medically,Maintain healthy lifestyle and hydration
Replace antibiotics with turmeric,Dangerous,Untreated infections may become severe,Complete the full antibiotic course
herbal tea cures diabetes permanently,Misleading,No scientific evidence for permanent cure claims,Consult a medical specialist
Drinking warm water detox removes all toxins,Misleading,Detox claims are unverified medically,Maintain healthy lifestyle and hydration
Stop taking medicine for blood pressure and use garlic,Dangerous,Stopping prescribed medicine can cause serious harm,Never stop treatment without doctor approval
lemon water works better than medicines for asthma,Misleading,Herbal remedies cannot fully replace treatment,Continue doctor-prescribed treatment
Sleep 7-8 hours daily,Safe,Promotes good rest,Follow a proper sleep routine
Home remedies guarantee cure of kidney disease,Misleading,Guaranteed cure promises are misleading,Follow evidence-based medical care
Drinking warm water detox removes all toxins,Misleading,Detox claims are unverified medically,Maintain healthy lifestyle and hydration
Replace antibiotics with turmeric,Dangerous,Untreated infections may become severe,Complete the full antibiotic course
turmeric cures asthma permanently,Misleading,No scientific evidence for permanent cure claims,Consult a medical specialist
"Doctors are unnecessary, treat asthma at home",Dangerous,Avoiding medical care can lead to complications,Always consult qualified healthcare professionals
Home remedies guarantee cure of thyroid,Misleading,Guaranteed cure promises are misleading,Follow evidence-based medical care
lemon water cures blood pressure permanently,Misleading,No scientific evidence for permanent cure claims,Consult a medical specialist
Home remedies guarantee cure of blood pressure,Misleading,Guaranteed cure promises are misleading,Follow evidence-based medical care
lemon water cures asthma permanently,Misleading,No scientific evidence for permanent cure claims,Consult a medical specialist
"Doctors are unnecessary, treat diabetes at home",Dangerous,Avoiding medical care can lead to complications,Always consult qualified healthcare professionals
Stop taking medicine for asthma and use turmeric,Dangerous,Stopping prescribed medicine can cause serious harm,Never stop treatment without doctor approval
Home remedies guarantee cure of asthma,Misleading,Guaranteed cure promises are misleading,Follow evidence-based medical care
Replace antibiotics with lemon water,Dangerous,Untreated infections may become severe,Complete the full antibiotic course
turmeric works better than medicines for diabetes,Misleading,Herbal remedies cannot fully replace treatment,Continue doctor-prescribed treatment
"Doctors are unnecessary, treat kidney disease at home",Dangerous,Avoiding medical care can lead to complications,Always consult qualified healthcare professionals
Drinking lemon water detox removes all toxins,Misleading,Detox claims are unverified medically,Maintain healthy lifestyle and hydration
lemon water cures blood pressure permanently,Misleading,No scientific evidence for permanent cure claims,Consult a medical specialist
warm water cures blood pressure permanently,Misleading,No scientific evidence for permanent cure claims,Consult a medical specialist
Quit insulin injections and drink garlic,Dangerous,Insulin is life-saving for diabetes patients,Continue insulin under endocrinologist guidance
Home remedies guarantee cure of cancer,Misleading,Guaranteed cure promises are misleading,Follow evidence-based medical care
warm water works better than medicines for blood pressure,Misleading,Herbal remedies cannot fully replace treatment,Continue doctor-prescribed treatment
Quit insulin injections and drink garlic,Dangerous,Insulin is life-saving for diabetes patients,Continue insulin under endocrinologist guidance
Replace antibiotics with warm water,Dangerous,Untreated infections may become severe,Complete the full antibiotic course
garlic cures blood pressure permanently,Misleading,No scientific evidence for permanent cure claims,Consult a medical specialist
garlic cures blood pressure permanently,Misleading,No scientific evidence for permanent cure claims,Consult a medical specialist
honey works better than medicines for thyroid,Misleading,Herbal remedies cannot fully replace treatment,Continue doctor-prescribed treatment
lemon water works better than medicines for cancer,Misleading,Herbal remedies cannot fully replace treatment,Continue doctor-prescribed treatment
Home remedies guarantee cure of diabetes,Misleading,Guaranteed cure promises are misleading,Follow evidence-based medical care
Quit insulin injections and drink warm water,Dangerous,Insulin is life-saving for diabetes patients,Continue insulin under endocrinologist guidance
Replace antibiotics with turmeric,Dangerous,Untreated infections may become severe,Complete the full antibiotic course
Stop taking medicine for diabetes and use garlic,Dangerous,Stopping prescribed medicine can cause serious harm,Never stop treatment without doctor approval
Home remedies guarantee cure of thyroid,Misleading,Guaranteed cure promises are misleading,Follow evidence-based medical care
"Doctors are unnecessary, treat kidney disease at home",Dangerous,Avoiding medical care can lead to complications,Always consult qualified healthcare professionals
Replace antibiotics with lemon water,Dangerous,Untreated infections may become severe,Complete the full antibiotic course
Home remedies guarantee cure of blood pressure,Misleading,Guaranteed cure promises are misleading,Follow evidence-based medical care
Stop taking medicine for diabetes and use honey,Dangerous,Stopping prescribed medicine can cause serious harm,Never stop treatment without doctor approval
Stop taking medicine for asthma and use lemon water,Dangerous,Stopping prescribed medicine can cause serious harm,Never stop treatment without doctor approval
Home remedies guarantee cure of kidney disease,Misleading,Guaranteed cure promises are misleading,Follow evidence-based medical care
garlic works better than medicines for cancer,Misleading,Herbal remedies cannot fully replace treatment,Continue doctor-prescribed treatment
Stop taking medicine for blood pressure and use honey,Dangerous,Stopping prescribed medicine can cause serious harm,Never stop treatment without doctor approval
Stop taking medicine for thyroid and use honey,Dangerous,Stopping prescribed medicine can cause serious harm,Never stop treatment without doctor approval
garlic works better than medicines for kidney disease,Misleading,Herbal remedies cannot fully replace treatment,Continue doctor-prescribed treatment
Drinking herbal tea detox removes all toxins,Misleading,Detox claims are unverified medically,Maintain healthy lifestyle and hydration
Drinking lemon water detox removes all toxins,Misleading,Detox claims are unverified medically,Maintain healthy lifestyle and hydration
Stop taking medicine for cancer and use herbal tea,Dangerous,Stopping prescribed medicine can cause serious harm,Never stop treatment without doctor approval
Replace antibiotics with garlic,Dangerous,Untreated infections may become severe,Complete the full antibiotic course
Replace antibiotics with warm water,Dangerous,Untreated infections may become severe,Complete the full antibiotic course
Drinking lemon water detox removes all toxins,Misleading,Detox claims are unverified medically,Maintain healthy lifestyle and hydration
Home remedies guarantee cure of cancer,Misleading,Guaranteed cure promises are misleading,Follow evidence-based medical care
Stop taking medicine for cancer and use turmeric,Dangerous,Stopping prescribed medicine can cause serious harm,Never stop treatment without doctor approval
Quit insulin injections and drink honey,Dangerous,Insulin is life-saving for diabetes patients,Continue insulin under endocrinologist guidance
garlic works better than medicines for asthma,Misleading,Herbal remedies cannot fully replace treatment,Continue doctor-prescribed treatment
warm water works better than medicines for thyroid,Misleading,Herbal remedies cannot fully replace treatment,Continue doctor-prescribed treatment
turmeric cures cancer permanently,Misleading,No scientific evidence for permanent cure claims,Consult a medical specialist
Home remedies guarantee cure of blood pressure,Misleading,Guaranteed cure promises are misleading,Follow evidence-based medical care
Replace antibiotics with warm water,Dangerous,Untreated infections may become severe,Complete the full antibiotic course
Stop taking medicine for cancer and use warm water,Dangerous,Stopping prescribed medicine can cause serious harm,Never stop treatment without doctor approval
Stop taking medicine for asthma and use turmeric,Dangerous,Stopping prescribed medicine can cause serious harm,Never stop treatment without doctor approval
Quit insulin injections and drink turmeric,Dangerous,Insulin is life-saving for diabetes patients,Continue insulin under endocrinologist guidance
Replace antibiotics with honey,Dangerous,Untreated infections may become severe,Complete the full antibiotic course
warm water works better than medicines for kidney disease,Misleading,Herbal remedies cannot fully replace treatment,Continue doctor-prescribed treatment
Stop taking medicine for blood pressure and use herbal tea,Dangerous,Stopping prescribed medicine can cause serious harm,Never stop treatment without doctor approval
garlic works better than medicines for asthma,Misleading,Herbal remedies cannot fully replace treatment,Continue doctor-prescribed treatment
garlic works better than medicines for cancer,Misleading,Herbal remedies cannot fully replace treatment,Continue doctor-prescribed treatment
Drinking turmeric detox removes all toxins,Misleading,Detox claims are unverified medically,Maintain healthy lifestyle and hydration
"Doctors are unnecessary, treat asthma at home",Dangerous,Avoiding medical care can lead to complications,Always consult qualified healthcare professionals
Quit insulin injections and drink lemon water,Dangerous,Insulin is life-saving for diabetes patients,Continue insulin under endocrinologist guidance
lemon water works better than medicines for cancer,Misleading,Herbal remedies cannot fully replace treatment,Continue doctor-prescribed treatment
Stop taking medicine for blood pressure and use garlic,Dangerous,Stopping prescribed medicine can cause serious harm,Never stop treatment without doctor approval
Quit insulin injections and drink herbal tea,Dangerous,Insulin is life-saving for diabetes patients,Continue insulin under endocrinologist guidance
Quit insulin injections and drink garlic,Dangerous,Insulin is life-saving for diabetes patients,Continue insulin under endocrinologist guidance
Home remedies guarantee cure of thyroid,Misleading,Guaranteed cure promises are misleading,Follow evidence-based medical care
Quit insulin injections and drink turmeric,Dangerous,Insulin is life-saving for diabetes patients,Continue insulin under endocrinologist guidance
Drinking herbal tea detox removes all toxins,Misleading,Detox claims are unverified medically,Maintain healthy lifestyle and hydration
Stop taking medicine for kidney disease and use lemon water,Dangerous,Stopping prescribed medicine can cause serious harm,Never stop treatment without doctor approval
Stop taking medicine for thyroid and use honey,Dangerous,Stopping prescribed medicine can cause serious harm,Never stop treatment without doctor approval
Stop taking medicine for kidney disease and use lemon water,Dangerous,Stopping prescribed medicine can cause serious harm,Never stop treatment without doctor approval
warm water works better than medicines for thyroid,Misleading,Herbal remedies cannot fully replace treatment,Continue doctor-prescribed treatment
Drinking honey detox removes all toxins,Misleading,Detox claims are unverified medically,Maintain healthy lifestyle and hydration
honey works better than medicines for kidney disease,Misleading,Herbal remedies cannot fully replace treatment,Continue doctor-prescribed treatment
Home remedies guarantee cure of asthma,Misleading,Guaranteed cure promises are misleading,Follow evidence-based medical care
Drinking turmeric detox removes all toxins,Misleading,Detox claims are unverified medically,Maintain healthy lifestyle and hydration
Home remedies guarantee cure of kidney disease,Misleading,Guaranteed cure promises are misleading,Follow evidence-based medical care
Drinking lemon water detox removes all toxins,Misleading,Detox claims are unverified medically,Maintain healthy lifestyle and hydration
Stop taking medicine for thyroid and use warm water,Dangerous,Stopping prescribed medicine can cause serious harm,Never stop treatment without doctor approval
Drinking turmeric detox removes all toxins,Misleading,Detox claims are unverified medically,Maintain healthy lifestyle and hydration
Home remedies guarantee cure of diabetes,Misleading,Guaranteed cure promises are misleading,Follow evidence-based medical care
Drinking lemon water detox removes all toxins,Misleading,Detox claims are unverified medically,Maintain healthy lifestyle and hydration
Home remedies guarantee cure of cancer,Misleading,Guaranteed cure promises are misleading,Follow evidence-based medical care
Drinking garlic detox removes all toxins,Misleading,Detox claims are unverified medically,Maintain healthy lifestyle and hydration
Home remedies guarantee cure of thyroid,Misleading,Guaranteed cure promises are misleading,Follow evidence-based medical care
Stop taking medicine for thyroid and use warm water,Dangerous,Stopping prescribed medicine can cause serious harm,Never stop treatment without doctor approval
Home remedies guarantee cure of thyroid,Misleading,Guaranteed cure promises are misleading,Follow evidence-based medical care
Replace antibiotics with turmeric,Dangerous,Untreated infections may become severe,Complete the full antibiotic course
lemon water works better than medicines for diabetes,Misleading,Herbal remedies cannot fully replace treatment,Continue doctor-prescribed treatment
Stop taking medicine for cancer and use garlic,Dangerous,Stopping prescribed medicine can cause serious harm,Never stop treatment without doctor approval
garlic works better than medicines for diabetes,Misleading,Herbal remedies cannot fully replace treatment,Continue doctor-prescribed treatment
turmeric cures kidney disease permanently,Misleading,No scientific evidence for permanent cure claims,Consult a medical specialist
Stop taking medicine for asthma and use lemon water,Dangerous,Stopping prescribed medicine can cause serious harm,Never stop treatment without doctor approval
"Doctors are unnecessary, treat blood pressure at home",Dangerous,Avoiding medical care can lead to complications,Always consult qualified healthcare professionals
garlic works better than medicines for kidney disease,Misleading,Herbal remedies cannot fully replace treatment,Continue doctor-prescribed treatment
turmeric cures thyroid permanently,Misleading,No scientific evidence for permanent cure claims,Consult a medical specialist
garlic cures thyroid permanently,Misleading,No scientific evidence for permanent cure claims,Consult a medical specialist
"Doctors are unnecessary, treat thyroid at home",Dangerous,Avoiding medical care can lead to complications,Always consult qualified healthcare professionals
Stop taking medicine for cancer and use warm water,Dangerous,Stopping prescribed medicine can cause serious harm,Never stop treatment without doctor approval
Stop taking medicine for blood pressure and use turmeric,Dangerous,Stopping prescribed medicine can cause serious harm,Never stop treatment without doctor approval
honey works better than medicines for thyroid,Misleading,Herbal remedies cannot fully replace treatment,Continue doctor-prescribed treatment
turmeric cures diabetes permanently,Misleading,No scientific evidence for permanent cure claims,Consult a medical specialist
herbal tea cures asthma permanently,Misleading,No scientific evidence for permanent cure claims,Consult a medical specialist
Quit insulin injections and drink garlic,Dangerous,Insulin is life-saving for diabetes patients,Continue insulin under endocrinologist guidance
Quit insulin injections and drink turmeric,Dangerous,Insulin is life-saving for diabetes patients,Continue insulin under endocrinologist guidance
Stop taking medicine for blood pressure and use lemon water,Dangerous,Stopping prescribed medicine can cause serious harm,Never stop treatment without doctor approval
Stop taking medicine for cancer and use lemon water,Dangerous,Stopping prescribed medicine can cause serious harm,Never stop treatment without doctor approval
Quit insulin injections and drink garlic,Dangerous,Insulin is life-saving for diabetes patients,Continue insulin under endocrinologist guidance
"Doctors are unnecessary, treat asthma at home",Dangerous,Avoiding medical care can lead to complications,Always consult qualified healthcare professionals
Stop taking medicine for cancer and use warm water,Dangerous,Stopping prescribed medicine can cause serious harm,Never stop treatment without doctor approval
Home remedies guarantee cure of thyroid,Misleading,Guaranteed cure promises are misleading,Follow evidence-based medical care
"Doctors are unnecessary, treat kidney disease at home",Dangerous,Avoiding medical care can lead to complications,Always consult qualified healthcare professionals
warm water works better than medicines for asthma,Misleading,Herbal remedies cannot fully replace treatment,Continue doctor-prescribed treatment
Quit insulin injections and drink warm water,Dangerous,Insulin is life-saving for diabetes patients,Continue insulin under endocrinologist guidance
Quit insulin injections and drink garlic,Dangerous,Insulin is life-saving for diabetes patients,Continue insulin under endocrinologist guidance
Stop taking medicine for blood pressure and use garlic,Dangerous,Stopping prescribed medicine can cause serious harm,Never stop treatment without doctor approval
herbal tea works better than medicines for cancer,Misleading,Herbal remedies cannot fully replace treatment,Continue doctor-prescribed treatment
Quit insulin injections and drink lemon water,Dangerous,Insulin is life-saving for diabetes patients,Continue insulin under endocrinologist guidance
Home remedies guarantee cure of kidney disease,Misleading,Guaranteed cure promises are misleading,Follow evidence-based medical care
Stop taking medicine for blood pressure and use herbal tea,Dangerous,Stopping prescribed medicine can cause serious harm,Never stop treatment without doctor approval
honey cures asthma permanently,Misleading,No scientific evidence for permanent cure claims,Consult a medical specialist
Stop taking medicine for asthma and use garlic,Dangerous,Stopping prescribed medicine can cause serious harm,Never stop treatment without doctor approval
warm water works better than medicines for asthma,Misleading,Herbal remedies cannot fully replace treatment,Continue doctor-prescribed treatment
Home remedies guarantee cure of asthma,Misleading,Guaranteed cure promises are misleading,Follow evidence-based medical care
Replace antibiotics with lemon water,Dangerous,Untreated infections may become severe,Complete the full antibiotic course
Drinking herbal tea detox removes all toxins,Misleading,Detox claims are unverified medically,Maintain healthy lifestyle and hydration
Home remedies guarantee cure of kidney disease,Misleading,Guaranteed cure promises are misleading,Follow evidence-based medical care
Drinking honey detox removes all toxins,Misleading,Detox claims are unverified medically,Maintain healthy lifestyle and hydration
turmeric works better than medicines for thyroid,Misleading,Herbal remedies cannot fully replace treatment,Continue doctor-prescribed treatment
Quit insulin injections and drink herbal tea,Dangerous,Insulin is life-saving for diabetes patients,Continue insulin under endocrinologist guidance
warm water cures kidney disease permanently,Misleading,No scientific evidence for permanent cure claims,Consult a medical specialist
Home remedies guarantee cure of blood pressure,Misleading,Guaranteed cure promises are misleading,Follow evidence-based medical care
Drinking honey detox removes all toxins,Misleading,Detox claims are unverified medically,Maintain healthy lifestyle and hydration
Stop taking medicine for blood pressure and use warm water,Dangerous,Stopping prescribed medicine can cause serious harm,Never stop treatment without doctor approval
lemon water works better than medicines for blood pressure,Misleading,Herbal remedies cannot fully replace treatment,Continue doctor-prescribed treatment
Home remedies guarantee cure of kidney disease,Misleading,Guaranteed cure promises are misleading,Follow evidence-based medical care
"Doctors are unnecessary, treat thyroid at home",Dangerous,Avoiding medical care can lead to complications,Always consult qualified healthcare professionals
lemon water cures blood pressure permanently,Misleading,No scientific evidence for permanent cure claims,Consult a medical specialist
Quit insulin injections and drink turmeric,Dangerous,Insulin is life-saving for diabetes patients,Continue insulin under endocrinologist guidance
Drinking turmeric detox removes all toxins,Misleading,Detox claims are unverified medically,Maintain healthy lifestyle and hydration
Home remedies guarantee cure of diabetes,Misleading,Guaranteed cure promises are misleading,Follow evidence-based medical care
Drinking turmeric detox removes all toxins,Misleading,Detox claims are unverified medically,Maintain healthy lifestyle and hydration
turmeric works better than medicines for thyroid,Misleading,Herbal remedies cannot fully replace treatment,Continue doctor-prescribed treatment
Stop taking medicine for cancer and use turmeric,Dangerous,Stopping prescribed medicine can cause serious harm,Never stop treatment without doctor approval
Stop taking medicine for diabetes and use turmeric,Dangerous,Stopping prescribed medicine can cause serious harm,Never stop treatment without doctor approval
Stop taking medicine for kidney disease and use turmeric,Dangerous,Stopping prescribed medicine can cause serious harm,Never stop treatment without doctor approval
Replace antibiotics with lemon water,Dangerous,Untreated infections may become severe,Complete the full antibiotic course
Drinking turmeric detox removes all toxins,Misleading,Detox claims are unverified medically,Maintain healthy lifestyle and hydration
Home remedies guarantee cure of asthma,Misleading,Guaranteed cure promises are misleading,Follow evidence-based medical care
Stop taking medicine for blood pressure and use warm water,Dangerous,Stopping prescribed medicine can cause serious harm,Never stop treatment without doctor approval
turmeric cures kidney disease permanently,Misleading,No scientific evidence for permanent cure claims,Consult a medical specialist
Quit insulin injections and drink warm water,Dangerous,Insulin is life-saving for diabetes patients,Continue insulin under endocrinologist guidance
Quit insulin injections and drink honey,Dangerous,Insulin is life-saving for diabetes patients,Continue insulin under endocrinologist guidance
Drinking garlic detox removes all toxins,Misleading,Detox claims are unverified medically,Maintain healthy lifestyle and hydration
Quit insulin injections and drink turmeric,Dangerous,Insulin is life-saving for diabetes patients,Continue insulin under endocrinologist guidance
garlic cures cancer permanently,Misleading,No scientific evidence for permanent cure claims,Consult a medical specialist
Stop taking medicine for kidney disease and use herbal tea,Dangerous,Stopping prescribed medicine can cause serious harm,Never stop treatment without doctor approval
"Doctors are unnecessary, treat thyroid at home",Dangerous,Avoiding medical care can lead to complications,Always consult qualified healthcare professionals
herbal tea works better than medicines for asthma,Misleading,Herbal remedies cannot fully replace treatment,Continue doctor-prescribed treatment
Drinking garlic detox removes all toxins,Misleading,Detox claims are unverified medically,Maintain healthy lifestyle and hydration
"Doctors are unnecessary, treat cancer at home",Dangerous,Avoiding medical care can lead to complications,Always consult qualified healthcare professionals
turmeric cures cancer permanently,Misleading,No scientific evidence for permanent cure claims,Consult a medical specialist
Stop taking medicine for thyroid and use herbal tea,Dangerous,Stopping prescribed medicine can cause serious harm,Never stop treatment without doctor approval
lemon water works better than medicines for kidney disease,Misleading,Herbal remedies cannot fully replace treatment,Continue doctor-prescribed treatment
Stop taking medicine for cancer and use garlic,Dangerous,Stopping prescribed medicine can cause serious harm,Never stop treatment without doctor approval
herbal tea works better than medicines for asthma,Misleading,Herbal remedies cannot fully replace treatment,Continue doctor-prescribed treatment
Replace antibiotics with warm water,Dangerous,Untreated infections may become severe,Complete the full antibiotic course
Home remedies guarantee cure of thyroid,Misleading,Guaranteed cure promises are misleading,Follow evidence-based medical care
Drinking honey detox removes all toxins,Misleading,Detox claims are unverified medically,Maintain healthy lifestyle and hydration
Quit insulin injections and drink herbal tea,Dangerous,Insulin is life-saving for diabetes patients,Continue insulin under endocrinologist guidance
Replace antibiotics with garlic,Dangerous,Untreated infections may become severe,Complete the full antibiotic course
warm water cures thyroid permanently,Misleading,No scientific evidence for permanent cure claims,Consult a medical specialist
lemon water works better than medicines for blood pressure,Misleading,Herbal remedies cannot fully replace treatment,Continue doctor-prescribed treatment
Quit insulin injections and drink lemon water,Dangerous,Insulin is life-saving for diabetes patients,Continue insulin under endocrinologist guidance
Drinking turmeric detox removes all toxins,Misleading,Detox claims are unverified medically,Maintain healthy lifestyle and hydration
Quit insulin injections and drink lemon water,Dangerous,Insulin is life-saving for diabetes patients,Continue insulin under endocrinologist guidance
lemon water works better than medicines for diabetes,Misleading,Herbal remedies cannot fully replace treatment,Continue doctor-prescribed treatment
"Doctors are unnecessary, treat asthma at home",Dangerous,Avoiding medical care can lead to complications,Always consult qualified healthcare professionals
warm water cures cancer permanently,Misleading,No scientific evidence for permanent cure claims,Consult a medical specialist
"Doctors are unnecessary, treat blood pressure at home",Dangerous,Avoiding medical care can lead to complications,Always consult qualified healthcare professionals
Stop taking medicine for cancer and use warm water,Dangerous,Stopping prescribed medicine can cause serious harm,Never stop treatment without doctor approval
Drinking herbal tea detox removes all toxins,Misleading,Detox claims are unverified medically,Maintain healthy lifestyle and hydration
"Doctors are unnecessary, treat kidney disease at home",Dangerous,Avoiding medical care can lead to complications,Always consult qualified healthcare professionals
Home remedies guarantee cure of kidney disease,Misleading,Guaranteed cure promises are misleading,Follow evidence-based medical care
Quit insulin injections and drink turmeric,Dangerous,Insulin is life-saving for diabetes patients,Continue insulin under endocrinologist guidance
Drinking honey detox removes all toxins,Misleading,Detox claims are unverified medically,Maintain healthy lifestyle and hydration
Home remedies guarantee cure of kidney disease,Misleading,Guaranteed cure promises are misleading,Follow evidence-based medical care
Stop taking medicine for diabetes and use honey,Dangerous,Stopping prescribed medicine can cause serious harm,Never stop treatment without doctor approval
garlic works better than medicines for kidney disease,Misleading,Herbal remedies cannot fully replace treatment,Continue doctor-prescribed treatment
Replace antibiotics with garlic,Dangerous,Untreated infections may become severe,Complete the full antibiotic course
"Doctors are unnecessary, treat asthma at home",Dangerous,Avoiding medical care can lead to complications,Always consult qualified healthcare professionals
"Doctors are unnecessary, treat kidney disease at home",Dangerous,Avoiding medical care can lead to complications,Always consult qualified healthcare professionals
Quit insulin injections and drink lemon water,Dangerous,Insulin is life-saving for diabetes patients,Continue insulin under endocrinologist guidance
Home remedies guarantee cure of diabetes,Misleading,Guaranteed cure promises are misleading,Follow evidence-based medical care
garlic cures blood pressure permanently,Misleading,No scientific evidence for permanent cure claims,Consult a medical specialist
Home remedies guarantee cure of cancer,Misleading,Guaranteed cure promises are misleading,Follow evidence-based medical care
Replace antibiotics with honey,Dangerous,Untreated infections may become severe,Complete the full antibiotic course
turmeric cures asthma permanently,Misleading,No scientific evidence for permanent cure claims,Consult a medical specialist
"Doctors are unnecessary, treat cancer at home",Dangerous,Avoiding medical care can lead to complications,Always consult qualified healthcare professionals
Quit insulin injections and drink lemon water,Dangerous,Insulin is life-saving for diabetes patients,Continue insulin under endocrinologist guidance
Quit insulin injections and drink warm water,Dangerous,Insulin is life-saving for diabetes patients,Continue insulin under endocrinologist guidance
"Doctors are unnecessary, treat blood pressure at home",Dangerous,Avoiding medical care can lead to complications,Always consult qualified healthcare professionals
"Doctors are unnecessary, treat thyroid at home",Dangerous,Avoiding medical care can lead to complications,Always consult qualified healthcare professionals
Quit insulin injections and drink lemon water,Dangerous,Insulin is life-saving for diabetes patients,Continue insulin under endocrinologist guidance
Home remedies guarantee cure of cancer,Misleading,Guaranteed cure promises are misleading,Follow evidence-based medical care
Drinking herbal tea detox removes all toxins,Misleading,Detox claims are unverified medically,Maintain healthy lifestyle and hydration
Replace antibiotics with garlic,Dangerous,Untreated infections may become severe,Complete the full antibiotic course
honey works better than medicines for diabetes,Misleading,Herbal remedies cannot fully replace treatment,Continue doctor-prescribed treatment
Home remedies guarantee cure of thyroid,Misleading,Guaranteed cure promises are misleading,Follow evidence-based medical care
Drinking lemon water detox removes all toxins,Misleading,Detox claims are unverified medically,Maintain healthy lifestyle and hydration
Stop taking medicine for blood pressure and use lemon water,Dangerous,Stopping prescribed medicine can cause serious harm,Never stop treatment without doctor approval
"Doctors are unnecessary, treat thyroid at home",Dangerous,Avoiding medical care can lead to complications,Always consult qualified healthcare professionals
Quit insulin injections and drink lemon water,Dangerous,Insulin is life-saving for diabetes patients,Continue insulin under endocrinologist guidance
warm water works better than medicines for cancer,Misleading,Herbal remedies cannot fully replace treatment,Continue doctor-prescribed treatment
turmeric works better than medicines for kidney disease,Misleading,Herbal remedies cannot fully replace treatment,Continue doctor-prescribed treatment
Stop taking medicine for cancer and use herbal tea,Dangerous,Stopping prescribed medicine can cause serious harm,Never stop treatment without doctor approval
"Doctors are unnecessary, treat kidney disease at home",Dangerous,Avoiding medical care can lead to complications,Always consult qualified healthcare professionals
"Doctors are unnecessary, treat thyroid at home",Dangerous,Avoiding medical care can lead to complications,Always consult qualified healthcare professionals
Stop taking medicine for diabetes and use lemon water,Dangerous,Stopping prescribed medicine can cause serious harm,Never stop treatment without doctor approval
garlic cures thyroid permanently,Misleading,No scientific evidence for permanent cure claims,Consult a medical specialist
"Doctors are unnecessary, treat diabetes at home",Dangerous,Avoiding medical care can lead to complications,Always consult qualified healthcare professionals
lemon water cures thyroid permanently,Misleading,No scientific evidence for permanent cure claims,Consult a medical specialist
Drinking garlic detox removes all toxins,Misleading,Detox claims are unverified medically,Maintain healthy lifestyle and hydration
Replace antibiotics with honey,Dangerous,Untreated infections may become severe,Complete the full antibiotic course
garlic cures diabetes permanently,Misleading,No scientific evidence for permanent cure claims,Consult a medical specialist
Quit insulin injections and drink warm water,Dangerous,Insulin is life-saving for diabetes patients,Continue insulin under endocrinologist guidance
turmeric cures kidney disease permanently,Misleading,No scientific evidence for permanent cure claims,Consult a medical specialist
Stop taking medicine for kidney disease and use warm water,Dangerous,Stopping prescribed medicine can cause serious harm,Never stop treatment without doctor approval
warm water cures diabetes permanently,Misleading,No scientific evidence for permanent cure claims,Consult a medical specialist
honey cures thyroid permanently,Misleading,No scientific evidence for permanent cure claims,Consult a medical specialist
